Yr,Mn,Date,CO2,seasonally_adjusted,fit,seasonally_adjusted_fit,CO2_filled,seasonally_adjusted_filled
1958,01,1958.0411,-99.99,-99.99,-99.99,-99.99,-99.99,-99.99
1958,02,1958.1260,-99.99,-99.99,-99.99,-99.99,-99.99,-99.99
1958,03,1958.2027,315.71,314.44,316.19,314.91,315.71,314.44
1958,04,1958.2877,317.45,315.16,317.30,314.99,317.45,315.16
1958,05,1958.3699,317.51,314.70,317.87,315.07,317.51,314.70
1958,06,1958.4548,-99.99,-99.99,317.25,315.15,317.25,315.15
1958,07,1958.5370,315.86,315.20,315.86,315.22,315.86,315.20
1958,08,1958.6219,314.93,316.20,313.98,315.29,314.93,316.20
1958,09,1958.7068,313.21,316.10,312.45,315.35,313.21,316.10
1958,10,1958.7890,-99.99,-99.99,312.44,315.41,312.44,315.41
1958,11,1958.8740,313.33,315.20,313.61,315.46,313.33,315.20
1958,12,1958.9562,314.67,315.44,314.76,315.51,314.67,315.44
1959,01,1959.0411,315.58,315.52,315.64,315.57,315.58,315.52
1959,02,1959.1260,316.49,315.85,316.28,315.63,316.49,315.85
1959,03,1959.2027,316.65,315.38,316.98,315.69,316.65,315.38
1959,04,1959.2877,317.72,315.42,318.09,315.77,317.72,315.42
1959,05,1959.3699,318.29,315.48,318.66,315.85,318.29,315.48
1959,06,1959.4548,318.15,316.02,318.05,315.94,318.15,316.02
1959,07,1959.5370,316.54,315.87,316.67,316.03,316.54,315.87
1959,08,1959.6219,314.80,316.08,314.81,316.12,314.80,316.08
1959,09,1959.7068,313.84,316.74,313.30,316.22,313.84,316.74
1959,10,1959.7890,313.33,316.33,313.33,316.31,313.33,316.33
1959,11,1959.8740,314.81,316.69,314.54,316.39,314.81,316.69
1959,12,1959.9562,315.58,316.35,315.72,316.48,315.58,316.35
1960,01,1960.0410,316.43,316.38,316.62,316.56,316.43,316.38
1960,02,1960.1257,316.98,316.34,317.29,316.64,316.98,316.34
1960,03,1960.2049,317.58,316.28,318.03,316.72,317.58,316.28
1960,04,1960.2896,319.03,316.70,319.14,316.79,319.03,316.70
1960,05,1960.3716,320.04,317.21,319.69,316.87,320.04,317.21
1960,06,1960.4563,319.58,317.47,319.02,316.93,319.58,317.47
1960,07,1960.5383,318.18,317.53,317.59,316.98,318.18,317.53
1960,08,1960.6230,315.90,317.21,315.67,317.02,315.90,317.21
1960,09,1960.7077,314.17,317.09,314.11,317.05,314.17,317.09
1960,10,1960.7896,313.83,316.83,314.09,317.08,313.83,316.83
1960,11,1960.8743,315.00,316.88,315.25,317.11,315.00,316.88
1960,12,1960.9563,316.19,316.96,316.39,317.15,316.19,316.96
1961,01,1961.0411,316.89,316.84,317.27,317.20,316.89,316.84
1961,02,1961.1260,317.70,317.06,317.92,317.26,317.70,317.06
1961,03,1961.2027,318.54,317.26,318.63,317.33,318.54,317.26
1961,04,1961.2877,319.48,317.16,319.75,317.41,319.48,317.16
1961,05,1961.3699,320.58,317.75,320.34,317.50,320.58,317.75
1961,06,1961.4548,319.77,317.63,319.72,317.59,319.77,317.63
1961,07,1961.5370,318.56,317.89,318.32,317.68,318.56,317.89
1961,08,1961.6219,316.79,318.08,316.44,317.77,316.79,318.08
1961,09,1961.7068,314.99,317.90,314.91,317.85,314.99,317.90
1961,10,1961.7890,315.31,318.32,314.92,317.92,315.31,318.32
1961,11,1961.8740,316.10,318.00,316.12,317.99,316.10,318.00
1961,12,1961.9562,317.01,317.78,317.30,318.06,317.01,317.78
1962,01,1962.0411,317.94,317.88,318.19,318.13,317.94,317.88
1962,02,1962.1260,318.55,317.90,318.85,318.19,318.55,317.90
1962,03,1962.2027,319.68,318.40,319.55,318.26,319.68,318.40
1962,04,1962.2877,320.57,318.24,320.67,318.32,320.57,318.24
1962,05,1962.3699,321.02,318.17,321.23,318.39,321.02,318.17
1962,06,1962.4548,320.62,318.47,320.58,318.45,320.62,318.47
1962,07,1962.5370,319.61,318.94,319.15,318.51,319.61,318.94
1962,08,1962.6219,317.40,318.70,317.23,318.56,317.40,318.70
1962,09,1962.7068,316.24,319.17,315.66,318.60,316.24,319.17
1962,10,1962.7890,315.42,318.44,315.63,318.64,315.42,318.44
1962,11,1962.8740,316.69,318.59,316.80,318.68,316.69,318.59
1962,12,1962.9562,317.70,318.48,317.96,318.72,317.70,318.48
1963,01,1963.0411,318.74,318.68,318.83,318.76,318.74,318.68
1963,02,1963.1260,319.06,318.42,319.47,318.81,319.06,318.42
1963,03,1963.2027,319.86,318.57,320.16,318.86,319.86,318.57
1963,04,1963.2877,321.38,319.05,321.26,318.91,321.38,319.05
1963,05,1963.3699,322.25,319.39,321.82,318.96,322.25,319.39
1963,06,1963.4548,321.48,319.32,321.15,319.01,321.48,319.32
1963,07,1963.5370,319.74,319.06,319.71,319.06,319.74,319.06
1963,08,1963.6219,317.77,319.07,317.77,319.10,317.77,319.07
1963,09,1963.7068,316.21,319.15,316.19,319.14,316.21,319.15
1963,10,1963.7890,315.99,319.02,316.16,319.19,315.99,319.02
1963,11,1963.8740,317.07,318.97,317.35,319.23,317.07,318.97
1963,12,1963.9562,318.35,319.13,318.51,319.27,318.35,319.13
1964,01,1964.0410,319.57,319.52,319.39,319.32,319.57,319.52
1964,02,1964.1257,-99.99,-99.99,320.03,319.37,320.03,319.37
1964,03,1964.2049,-99.99,-99.99,320.74,319.41,320.74,319.41
1964,04,1964.2896,-99.99,-99.99,321.83,319.45,321.83,319.45
1964,05,1964.3716,322.25,319.39,322.35,319.49,322.25,319.39
1964,06,1964.4563,321.89,319.75,321.65,319.53,321.89,319.75
1964,07,1964.5383,320.44,319.79,320.18,319.56,320.44,319.79
1964,08,1964.6230,318.69,320.02,318.22,319.58,318.69,320.02
1964,09,1964.7077,316.71,319.66,316.63,319.61,316.71,319.66
1964,10,1964.7896,316.87,319.91,316.59,319.62,316.87,319.91
1964,11,1964.8743,317.68,319.59,317.75,319.64,317.68,319.59
1964,12,1964.9563,318.71,319.49,318.89,319.66,318.71,319.49
1965,01,1965.0411,319.44,319.38,319.75,319.68,319.44,319.38
1965,02,1965.1260,320.44,319.79,320.39,319.72,320.44,319.79
1965,03,1965.2027,320.89,319.59,321.08,319.77,320.89,319.59
1965,04,1965.2877,322.14,319.79,322.20,319.83,322.14,319.79
1965,05,1965.3699,322.17,319.29,322.78,319.91,322.17,319.29
1965,06,1965.4548,321.87,319.70,322.16,320.00,321.87,319.70
1965,07,1965.5370,321.21,320.52,320.75,320.10,321.21,320.52
1965,08,1965.6219,318.87,320.17,318.87,320.21,318.87,320.17
1965,09,1965.7068,317.82,320.77,317.35,320.32,317.82,320.77
1965,10,1965.7890,317.30,320.36,317.39,320.43,317.30,320.36
1965,11,1965.8740,318.87,320.78,318.65,320.55,318.87,320.78
1965,12,1965.9562,319.42,320.20,319.90,320.67,319.42,320.20
1966,01,1966.0411,320.63,320.57,320.85,320.78,320.63,320.57
1966,02,1966.1260,321.60,320.94,321.57,320.90,321.60,320.94
1966,03,1966.2027,322.39,321.08,322.33,321.01,322.39,321.08
1966,04,1966.2877,323.70,321.34,323.50,321.12,323.70,321.34
1966,05,1966.3699,324.08,321.19,324.11,321.22,324.08,321.19
1966,06,1966.4548,323.75,321.57,323.48,321.32,323.75,321.57
1966,07,1966.5370,322.38,321.69,322.06,321.41,322.38,321.69
1966,08,1966.6219,320.36,321.67,320.14,321.48,320.36,321.67
1966,09,1966.7068,318.64,321.61,318.57,321.56,318.64,321.61
1966,10,1966.7890,318.10,321.17,318.57,321.62,318.10,321.17
1966,11,1966.8740,319.78,321.71,319.78,321.68,319.78,321.71
1966,12,1966.9562,321.02,321.81,320.97,321.74,321.02,321.81
1967,01,1967.0411,322.33,322.27,321.87,321.80,322.33,322.27
1967,02,1967.1260,322.50,321.84,322.53,321.86,322.50,321.84
1967,03,1967.2027,323.03,321.73,323.23,321.91,323.03,321.73
1967,04,1967.2877,324.41,322.05,324.34,321.96,324.41,322.05
1967,05,1967.3699,325.00,322.11,324.91,322.02,325.00,322.11
1967,06,1967.4548,324.09,321.90,324.25,322.08,324.09,321.90
1967,07,1967.5370,322.54,321.86,322.79,322.14,322.54,321.86
1967,08,1967.6219,320.92,322.23,320.85,322.21,320.92,322.23
1967,09,1967.7068,319.25,322.23,319.28,322.28,319.25,322.23
1967,10,1967.7890,319.39,322.47,319.28,322.35,319.39,322.47
1967,11,1967.8740,320.72,322.65,320.51,322.42,320.72,322.65
1967,12,1967.9562,321.95,322.75,321.72,322.49,321.95,322.75
1968,01,1968.0410,322.57,322.51,322.64,322.57,322.57,322.51
1968,02,1968.1257,323.15,322.49,323.32,322.65,323.15,322.49
1968,03,1968.2049,323.89,322.55,324.08,322.73,323.89,322.55
1968,04,1968.2896,325.02,322.62,325.24,322.83,325.02,322.62
1968,05,1968.3716,325.57,322.67,325.83,322.93,325.57,322.67
1968,06,1968.4563,325.36,323.18,325.19,323.03,325.36,323.18
1968,07,1968.5383,324.14,323.48,323.77,323.14,324.14,323.48
1968,08,1968.6230,322.11,323.45,321.87,323.25,322.11,323.45
1968,09,1968.7077,320.33,323.33,320.36,323.37,320.33,323.33
1968,10,1968.7896,320.25,323.33,320.42,323.49,320.25,323.33
1968,11,1968.8743,321.32,323.26,321.71,323.62,321.32,323.26
1968,12,1968.9563,322.89,323.68,322.97,323.75,322.89,323.68
1969,01,1969.0411,324.00,323.95,323.96,323.89,324.00,323.95
1969,02,1969.1260,324.41,323.75,324.70,324.03,324.41,323.75
1969,03,1969.2027,325.63,324.32,325.49,324.16,325.63,324.32
1969,04,1969.2877,326.66,324.28,326.70,324.31,326.66,324.28
1969,05,1969.3699,327.38,324.47,327.35,324.44,327.38,324.47
1969,06,1969.4548,326.71,324.51,326.76,324.57,326.71,324.51
1969,07,1969.5370,325.88,325.19,325.35,324.69,325.88,325.19
1969,08,1969.6219,323.66,324.99,323.44,324.80,323.66,324.99
1969,09,1969.7068,322.38,325.38,321.89,324.91,322.38,325.38
1969,10,1969.7890,321.78,324.88,321.91,324.99,321.78,324.88
1969,11,1969.8740,322.85,324.80,323.16,325.08,322.85,324.80
1969,12,1969.9562,324.11,324.91,324.38,325.16,324.11,324.91
1970,01,1970.0411,325.06,325.00,325.31,325.24,325.06,325.00
1970,02,1970.1260,325.99,325.32,326.00,325.32,325.99,325.32
1970,03,1970.2027,326.93,325.61,326.73,325.40,326.93,325.61
1970,04,1970.2877,328.13,325.75,327.88,325.48,328.13,325.75
1970,05,1970.3699,328.08,325.16,328.48,325.55,328.08,325.16
1970,06,1970.4548,327.67,325.46,327.82,325.63,327.67,325.46
1970,07,1970.5370,326.34,325.65,326.37,325.70,326.34,325.65
1970,08,1970.6219,324.68,326.01,324.41,325.77,324.68,326.01
1970,09,1970.7068,323.10,326.11,322.81,325.83,323.10,326.11
1970,10,1970.7890,323.07,326.17,322.79,325.89,323.07,326.17
1970,11,1970.8740,324.01,325.96,324.00,325.93,324.01,325.96
1970,12,1970.9562,325.13,325.93,325.19,325.97,325.13,325.93
1971,01,1971.0411,326.17,326.12,326.08,326.01,326.17,326.12
1971,02,1971.1260,326.68,326.02,326.72,326.05,326.68,326.02
1971,03,1971.2027,327.18,325.85,327.43,326.09,327.18,325.85
1971,04,1971.2877,327.79,325.39,328.55,326.14,327.79,325.39
1971,05,1971.3699,328.93,325.99,329.13,326.20,328.93,325.99
1971,06,1971.4548,328.57,326.35,328.46,326.26,328.57,326.35
1971,07,1971.5370,327.36,326.66,327.00,326.33,327.36,326.66
1971,08,1971.6219,325.43,326.76,325.04,326.40,325.43,326.76
1971,09,1971.7068,323.36,326.38,323.44,326.48,323.36,326.38
1971,10,1971.7890,323.56,326.68,323.44,326.55,323.56,326.68
1971,11,1971.8740,324.80,326.75,324.69,326.62,324.80,326.75
1971,12,1971.9562,326.01,326.81,325.91,326.70,326.01,326.81
1972,01,1972.0410,326.77,326.71,326.85,326.78,326.77,326.71
1972,02,1972.1257,327.63,326.97,327.56,326.88,327.63,326.97
1972,03,1972.2049,327.75,326.40,328.35,326.98,327.75,326.40
1972,04,1972.2896,329.72,327.29,329.54,327.10,329.72,327.29
1972,05,1972.3716,330.07,327.13,330.17,327.23,330.07,327.13
1972,06,1972.4563,329.09,326.88,329.56,327.38,329.09,326.88
1972,07,1972.5383,328.04,327.37,328.18,327.54,328.04,327.37
1972,08,1972.6230,326.32,327.69,326.32,327.72,326.32,327.69
1972,09,1972.7077,324.84,327.88,324.86,327.91,324.84,327.88
1972,10,1972.7896,325.20,328.32,325.00,328.11,325.20,328.32
1972,11,1972.8743,326.50,328.46,326.37,328.31,326.50,328.46
1972,12,1972.9563,327.55,328.36,327.72,328.51,327.55,328.36
1973,01,1973.0411,328.55,328.49,328.79,328.72,328.55,328.49
1973,02,1973.1260,329.56,328.89,329.61,328.93,329.56,328.89
1973,03,1973.2027,330.30,328.97,330.46,329.11,330.30,328.97
1973,04,1973.2877,331.50,329.09,331.73,329.30,331.50,329.09
1973,05,1973.3699,332.48,329.53,332.43,329.48,332.48,329.53
1973,06,1973.4548,332.07,329.84,331.85,329.64,332.07,329.84
1973,07,1973.5370,330.87,330.17,330.45,329.77,330.87,330.17
1973,08,1973.6219,329.31,330.65,328.51,329.88,329.31,330.65
1973,09,1973.7068,327.52,330.56,326.91,329.96,327.52,330.56
1973,10,1973.7890,327.19,330.33,326.89,330.02,327.19,330.33
1973,11,1973.8740,328.16,330.13,328.10,330.05,328.16,330.13
1973,12,1973.9562,328.65,329.45,329.28,330.07,328.65,329.45
1974,01,1974.0411,329.36,329.30,330.17,330.10,329.36,329.30
1974,02,1974.1260,330.71,330.04,330.81,330.12,330.71,330.04
1974,03,1974.2027,331.49,330.15,331.50,330.15,331.49,330.15
1974,04,1974.2877,332.65,330.23,332.63,330.19,332.65,330.23
1974,05,1974.3699,333.10,330.13,333.19,330.23,333.10,330.13
1974,06,1974.4548,332.26,330.02,332.49,330.27,332.26,330.02
1974,07,1974.5370,331.18,330.48,330.99,330.32,331.18,330.48
1974,08,1974.6219,329.40,330.75,328.99,330.37,329.40,330.75
1974,09,1974.7068,327.44,330.49,327.36,330.42,327.44,330.49
1974,10,1974.7890,327.38,330.53,327.34,330.47,327.38,330.53
1974,11,1974.8740,328.46,330.44,328.58,330.53,328.46,330.44
1974,12,1974.9562,329.58,330.39,329.80,330.59,329.58,330.39
1975,01,1975.0411,330.41,330.35,330.74,330.66,330.41,330.35
1975,02,1975.1260,331.41,330.74,331.43,330.75,331.41,330.74
1975,03,1975.2027,332.04,330.70,332.18,330.83,332.04,330.70
1975,04,1975.2877,333.32,330.89,333.37,330.92,333.32,330.89
1975,05,1975.3699,333.98,331.01,333.99,331.02,333.98,331.01
1975,06,1975.4548,333.61,331.37,333.34,331.12,333.61,331.37
1975,07,1975.5370,331.91,331.21,331.89,331.21,331.91,331.21
1975,08,1975.6219,330.06,331.42,329.92,331.31,330.06,331.42
1975,09,1975.7068,328.56,331.62,328.32,331.40,328.56,331.62
1975,10,1975.7890,328.35,331.51,328.34,331.48,328.35,331.51
1975,11,1975.8740,329.50,331.48,329.61,331.57,329.50,331.48
1975,12,1975.9562,330.77,331.58,330.85,331.65,330.77,331.58
1976,01,1976.0410,331.76,331.70,331.80,331.73,331.76,331.70
1976,02,1976.1257,332.58,331.90,332.49,331.81,332.58,331.90
1976,03,1976.2049,333.50,332.13,333.27,331.88,333.50,332.13
1976,04,1976.2896,334.59,332.13,334.44,331.96,334.59,332.13
1976,05,1976.3716,334.89,331.91,335.02,332.04,334.89,331.91
1976,06,1976.4563,334.34,332.11,334.33,332.12,334.34,332.11
1976,07,1976.5383,333.06,332.38,332.86,332.21,333.06,332.38
1976,08,1976.6230,330.95,332.33,330.88,332.30,330.95,332.33
1976,09,1976.7077,329.31,332.39,329.31,332.40,329.31,332.39
1976,10,1976.7896,328.95,332.11,329.36,332.51,328.95,332.11
1976,11,1976.8743,330.32,332.30,330.68,332.64,330.32,332.30
1976,12,1976.9563,331.69,332.51,331.99,332.78,331.69,332.51
1977,01,1977.0411,332.94,332.88,333.02,332.94,332.94,332.88
1977,02,1977.1260,333.43,332.75,333.81,333.12,333.43,332.75
1977,03,1977.2027,334.71,333.36,334.65,333.28,334.71,333.36
1977,04,1977.2877,336.08,333.63,335.93,333.47,336.08,333.63
1977,05,1977.3699,336.76,333.77,336.64,333.65,336.76,333.77
1977,06,1977.4548,336.28,334.02,336.07,333.83,336.28,334.02
1977,07,1977.5370,334.93,334.22,334.68,334.00,334.93,334.22
1977,08,1977.6219,332.76,334.12,332.77,334.16,332.76,334.12
1977,09,1977.7068,331.60,334.68,331.23,334.32,331.60,334.68
1977,10,1977.7890,331.17,334.35,331.30,334.47,331.17,334.35
1977,11,1977.8740,332.41,334.41,332.64,334.61,332.41,334.41
1977,12,1977.9562,333.86,334.67,333.95,334.75,333.86,334.67
1978,01,1978.0411,334.98,334.92,334.96,334.89,334.98,334.92
1978,02,1978.1260,335.40,334.71,335.71,335.02,335.40,334.71
1978,03,1978.2027,336.65,335.29,336.51,335.14,336.65,335.29
1978,04,1978.2877,337.76,335.31,337.74,335.27,337.76,335.31
1978,05,1978.3699,338.02,335.02,338.38,335.38,338.02,335.02
1978,06,1978.4548,337.91,335.64,337.75,335.50,337.91,335.64
1978,07,1978.5370,336.55,335.84,336.29,335.61,336.55,335.84
1978,08,1978.6219,334.69,336.06,334.31,335.71,334.69,336.06
1978,09,1978.7068,332.77,335.86,332.71,335.81,332.77,335.86
1978,10,1978.7890,332.56,335.74,332.73,335.90,332.56,335.74
1978,11,1978.8740,333.93,335.93,334.02,336.00,333.93,335.93
1978,12,1978.9562,334.96,335.78,335.29,336.10,334.96,335.78
1979,01,1979.0411,336.24,336.18,336.27,336.20,336.24,336.18
1979,02,1979.1260,336.77,336.08,337.01,336.32,336.77,336.08
1979,03,1979.2027,337.97,336.61,337.80,336.43,337.97,336.61
1979,04,1979.2877,338.89,336.43,339.03,336.55,338.89,336.43
1979,05,1979.3699,339.48,336.47,339.69,336.68,339.48,336.47
1979,06,1979.4548,339.30,337.02,339.07,336.82,339.30,337.02
1979,07,1979.5370,337.74,337.03,337.63,336.95,337.74,337.03
1979,08,1979.6219,336.10,337.47,335.69,337.09,336.10,337.47
1979,09,1979.7068,333.93,337.03,334.12,337.24,333.93,337.03
1979,10,1979.7890,333.87,337.07,334.19,337.38,333.87,337.07
1979,11,1979.8740,335.30,337.31,335.55,337.54,335.30,337.31
1979,12,1979.9562,336.74,337.56,336.89,337.70,336.74,337.56
1980,01,1980.0410,338.03,337.97,337.93,337.86,338.03,337.97
1980,02,1980.1257,338.37,337.68,338.73,338.03,338.37,337.68
1980,03,1980.2049,340.09,338.70,339.59,338.19,340.09,338.70
1980,04,1980.2896,340.78,338.29,340.86,338.35,340.78,338.29
1980,05,1980.3716,341.49,338.47,341.52,338.50,341.49,338.47
1980,06,1980.4563,341.18,338.92,340.89,338.65,341.18,338.92
1980,07,1980.5383,339.57,338.88,339.44,338.78,339.57,338.88
1980,08,1980.6230,337.61,339.01,337.48,338.91,337.61,339.01
1980,09,1980.7077,335.90,339.02,335.90,339.04,335.90,339.02
1980,10,1980.7896,336.03,339.23,335.96,339.15,336.03,339.23
1980,11,1980.8743,337.12,339.13,337.27,339.26,337.12,339.13
1980,12,1980.9563,338.23,339.05,338.55,339.36,338.23,339.05
1981,01,1981.0411,339.25,339.19,339.54,339.46,339.25,339.19
1981,02,1981.1260,340.50,339.81,340.26,339.57,340.50,339.81
1981,03,1981.2027,341.40,340.03,341.04,339.65,341.40,340.03
1981,04,1981.2877,342.52,340.05,342.24,339.75,342.52,340.05
1981,05,1981.3699,342.93,339.90,342.86,339.83,342.93,339.90
1981,06,1981.4548,342.27,339.98,342.19,339.91,342.27,339.98
1981,07,1981.5370,340.51,339.79,340.69,340.00,340.51,339.79
1981,08,1981.6219,338.45,339.83,338.67,340.09,338.45,339.83
1981,09,1981.7068,336.71,339.83,337.05,340.18,336.71,339.83
1981,10,1981.7890,336.88,340.10,337.08,340.29,336.88,340.10
1981,11,1981.8740,338.38,340.40,338.40,340.39,338.38,340.40
1981,12,1981.9562,339.63,340.46,339.69,340.50,339.63,340.46
1982,01,1982.0411,340.77,340.71,340.69,340.61,340.77,340.71
1982,02,1982.1260,341.63,340.94,341.42,340.72,341.63,340.94
1982,03,1982.2027,342.72,341.35,342.20,340.81,342.72,341.35
1982,04,1982.2877,343.59,341.10,343.40,340.90,343.59,341.10
1982,05,1982.3699,344.16,341.12,344.02,340.98,344.16,341.12
1982,06,1982.4548,343.37,341.07,343.34,341.06,343.37,341.07
1982,07,1982.5370,342.07,341.35,341.83,341.14,342.07,341.35
1982,08,1982.6219,339.83,341.21,339.80,341.22,339.83,341.21
1982,09,1982.7068,338.00,341.13,338.16,341.30,338.00,341.13
1982,10,1982.7890,337.88,341.11,338.18,341.40,337.88,341.11
1982,11,1982.8740,339.28,341.31,339.51,341.51,339.28,341.31
1982,12,1982.9562,340.51,341.34,340.83,341.64,340.51,341.34
1983,01,1983.0411,341.40,341.34,341.87,341.80,341.40,341.34
1983,02,1983.1260,342.54,341.85,342.67,341.97,342.54,341.85
1983,03,1983.2027,343.12,341.74,343.53,342.13,343.12,341.74
1983,04,1983.2877,344.96,342.46,344.84,342.33,344.96,342.46
1983,05,1983.3699,345.78,342.73,345.57,342.52,345.78,342.73
1983,06,1983.4548,345.34,343.03,345.00,342.71,345.34,343.03
1983,07,1983.5370,344.00,343.28,343.58,342.89,344.00,343.28
1983,08,1983.6219,342.40,343.79,341.64,343.06,342.40,343.79
1983,09,1983.7068,339.88,343.02,340.07,343.23,339.88,343.02
1983,10,1983.7890,340.01,343.25,340.15,343.38,340.01,343.25
1983,11,1983.8740,341.16,343.19,341.52,343.53,341.16,343.19
1983,12,1983.9562,342.98,343.82,342.86,343.67,342.98,343.82
1984,01,1984.0410,343.82,343.76,343.89,343.82,343.82,343.76
1984,02,1984.1257,344.62,343.93,344.66,343.96,344.62,343.93
1984,03,1984.2049,345.38,343.98,345.50,344.08,345.38,343.98
1984,04,1984.2896,347.15,344.62,346.76,344.21,347.15,344.62
1984,05,1984.3716,347.52,344.47,347.39,344.34,347.52,344.47
1984,06,1984.4563,346.88,344.59,346.73,344.46,346.88,344.59
1984,07,1984.5383,345.47,344.77,345.24,344.57,345.47,344.77
1984,08,1984.6230,343.34,344.76,343.23,344.68,343.34,344.76
1984,09,1984.7077,341.13,344.29,341.63,344.80,341.13,344.29
1984,10,1984.7896,341.40,344.64,341.68,344.91,341.40,344.64
1984,11,1984.8743,343.02,345.06,343.02,345.04,343.02,345.06
1984,12,1984.9563,344.25,345.08,344.34,345.16,344.25,345.08
1985,01,1985.0411,344.99,344.93,345.35,345.28,344.99,344.93
1985,02,1985.1260,346.01,345.31,346.11,345.41,346.01,345.31
1985,03,1985.2027,347.43,346.05,346.91,345.51,347.43,346.05
1985,04,1985.2877,348.34,345.83,348.15,345.63,348.34,345.83
1985,05,1985.3699,348.92,345.85,348.80,345.73,348.92,345.85
1985,06,1985.4548,348.24,345.92,348.13,345.83,348.24,345.92
1985,07,1985.5370,346.54,345.81,346.61,345.91,346.54,345.81
1985,08,1985.6219,344.64,346.04,344.57,346.00,344.64,346.04
1985,09,1985.7068,343.06,346.21,342.91,346.09,343.06,346.21
1985,10,1985.7890,342.78,346.04,342.92,346.17,342.78,346.04
1985,11,1985.8740,344.21,346.26,344.23,346.26,344.21,346.26
1985,12,1985.9562,345.53,346.37,345.53,346.35,345.53,346.37
1986,01,1986.0411,346.28,346.21,346.52,346.45,346.28,346.21
1986,02,1986.1260,346.93,346.23,347.27,346.56,346.93,346.23
1986,03,1986.2027,347.83,346.44,348.07,346.67,347.83,346.44
1986,04,1986.2877,349.53,347.01,349.33,346.79,349.53,347.01
1986,05,1986.3699,350.19,347.12,349.99,346.92,350.19,347.12
1986,06,1986.4548,349.53,347.21,349.35,347.05,349.53,347.21
1986,07,1986.5370,347.92,347.19,347.87,347.17,347.92,347.19
1986,08,1986.6219,345.88,347.28,345.87,347.30,345.88,347.28
1986,09,1986.7068,344.83,348.00,344.25,347.43,344.83,348.00
1986,10,1986.7890,344.16,347.43,344.30,347.56,344.16,347.43
1986,11,1986.8740,345.64,347.69,345.66,347.69,345.64,347.69
1986,12,1986.9562,346.88,347.72,347.00,347.82,346.88,347.72
1987,01,1987.0411,348.00,347.94,348.04,347.96,348.00,347.94
1987,02,1987.1260,348.47,347.76,348.83,348.12,348.47,347.76
1987,03,1987.2027,349.40,348.01,349.67,348.26,349.40,348.01
1987,04,1987.2877,350.97,348.45,350.98,348.44,350.97,348.45
1987,05,1987.3699,351.84,348.75,351.70,348.61,351.84,348.75
1987,06,1987.4548,351.25,348.91,351.11,348.80,351.25,348.91
1987,07,1987.5370,349.50,348.76,349.68,348.98,349.50,348.76
1987,08,1987.6219,348.09,349.49,347.74,349.18,348.09,349.49
1987,09,1987.7068,346.44,349.61,346.18,349.37,346.44,349.61
1987,10,1987.7890,346.09,349.38,346.30,349.57,346.09,349.38
1987,11,1987.8740,347.54,349.60,347.73,349.77,347.54,349.60
1987,12,1987.9562,348.69,349.54,349.14,349.97,348.69,349.54
1988,01,1988.0410,350.16,350.10,350.25,350.18,350.16,350.10
1988,02,1988.1257,351.47,350.77,351.10,350.38,351.47,350.77
1988,03,1988.2049,351.96,350.53,352.02,350.58,351.96,350.53
1988,04,1988.2896,353.33,350.78,353.35,350.78,353.33,350.78
1988,05,1988.3716,353.97,350.87,354.06,350.97,353.97,350.87
1988,06,1988.4563,353.55,351.23,353.45,351.15,353.55,351.23
1988,07,1988.5383,352.14,351.43,352.00,351.33,352.14,351.43
1988,08,1988.6230,350.19,351.63,350.02,351.50,350.19,351.63
1988,09,1988.7077,348.50,351.69,348.44,351.65,348.50,351.69
1988,10,1988.7896,348.66,351.95,348.52,351.79,348.66,351.95
1988,11,1988.8743,349.85,351.91,349.89,351.93,349.85,351.91
1988,12,1988.9563,351.12,351.96,351.23,352.05,351.12,351.96
1989,01,1989.0411,352.55,352.49,352.25,352.17,352.55,352.49
1989,02,1989.1260,352.86,352.15,353.00,352.28,352.86,352.15
1989,03,1989.2027,353.48,352.07,353.80,352.38,353.48,352.07
1989,04,1989.2877,355.22,352.68,355.05,352.49,355.22,352.68
1989,05,1989.3699,355.47,352.36,355.69,352.59,355.47,352.36
1989,06,1989.4548,354.92,352.57,355.02,352.69,354.92,352.57
1989,07,1989.5370,353.70,352.96,353.49,352.79,353.70,352.96
1989,08,1989.6219,351.47,352.88,351.44,352.89,351.47,352.88
1989,09,1989.7068,349.61,352.80,349.77,352.98,349.61,352.80
1989,10,1989.7890,349.79,353.09,349.79,353.08,349.79,353.09
1989,11,1989.8740,351.09,353.17,351.13,353.18,351.09,353.17
1989,12,1989.9562,352.32,353.17,352.45,353.28,352.32,353.17
1990,01,1990.0411,353.46,353.40,353.46,353.38,353.46,353.40
1990,02,1990.1260,354.50,353.79,354.21,353.49,354.50,353.79
1990,03,1990.2027,355.19,353.78,355.00,353.58,355.19,353.78
1990,04,1990.2877,356.00,353.45,356.25,353.68,356.00,353.45
1990,05,1990.3699,356.96,353.85,356.90,353.79,356.96,353.85
1990,06,1990.4548,356.04,353.68,356.24,353.90,356.04,353.68
1990,07,1990.5370,354.62,353.88,354.73,354.02,354.62,353.88
1990,08,1990.6219,352.71,354.13,352.70,354.15,352.71,354.13
1990,09,1990.7068,350.77,353.98,351.07,354.29,350.77,353.98
1990,10,1990.7890,350.99,354.30,351.14,354.44,350.99,354.30
1990,11,1990.8740,352.64,354.72,352.53,354.59,352.64,354.72
1990,12,1990.9562,354.02,354.87,353.90,354.73,354.02,354.87
1991,01,1991.0411,354.53,354.46,354.95,354.88,354.53,354.46
1991,02,1991.1260,355.55,354.84,355.74,355.02,355.55,354.84
1991,03,1991.2027,356.96,355.55,356.56,355.14,356.96,355.55
1991,04,1991.2877,358.40,355.84,357.83,355.25,358.40,355.84
1991,05,1991.3699,359.14,356.01,358.47,355.35,359.14,356.01
1991,06,1991.4548,358.04,355.68,357.77,355.42,358.04,355.68
1991,07,1991.5370,355.98,355.23,356.20,355.49,355.98,355.23
1991,08,1991.6219,353.81,355.24,354.09,355.55,353.81,355.24
1991,09,1991.7068,351.95,355.17,352.37,355.60,351.95,355.17
1991,10,1991.7890,352.02,355.34,352.35,355.66,352.02,355.34
1991,11,1991.8740,353.55,355.63,353.66,355.73,353.55,355.63
1991,12,1991.9562,354.79,355.64,354.96,355.79,354.79,355.64
1992,01,1992.0410,355.79,355.72,355.94,355.86,355.79,355.72
1992,02,1992.1257,356.52,355.81,356.66,355.93,356.52,355.81
1992,03,1992.2049,357.61,356.17,357.46,356.00,357.61,356.17
1992,04,1992.2896,358.95,356.36,358.67,356.06,358.95,356.36
1992,05,1992.3716,359.46,356.33,359.25,356.12,359.46,356.33
1992,06,1992.4563,359.05,356.70,358.49,356.16,359.05,356.70
1992,07,1992.5383,356.82,356.11,356.88,356.20,356.82,356.11
1992,08,1992.6230,354.80,356.25,354.74,356.23,354.80,356.25
1992,09,1992.7077,352.81,356.04,353.01,356.26,352.81,356.04
1992,10,1992.7896,353.11,356.44,352.98,356.29,353.11,356.44
1992,11,1992.8743,353.96,356.05,354.27,356.33,353.96,356.05
1992,12,1992.9563,355.20,356.05,355.53,356.37,355.20,356.05
1993,01,1993.0411,356.50,356.44,356.50,356.42,356.50,356.44
1993,02,1993.1260,356.97,356.25,357.21,356.49,356.97,356.25
1993,03,1993.2027,358.18,356.75,357.98,356.55,358.18,356.75
1993,04,1993.2877,359.26,356.69,359.21,356.62,359.26,356.69
1993,05,1993.3699,360.08,356.94,359.85,356.71,360.08,356.94
1993,06,1993.4548,359.40,357.02,359.16,356.80,359.40,357.02
1993,07,1993.5370,357.38,356.63,357.61,356.90,357.38,356.63
1993,08,1993.6219,355.33,356.76,355.54,357.01,355.33,356.76
1993,09,1993.7068,353.50,356.74,353.89,357.14,353.50,356.74
1993,10,1993.7890,353.80,357.14,353.95,357.28,353.80,357.14
1993,11,1993.8740,355.15,357.24,355.36,357.43,355.15,357.24
1993,12,1993.9562,356.62,357.48,356.75,357.59,356.62,357.48
1994,01,1994.0411,358.19,358.13,357.84,357.76,358.19,358.13
1994,02,1994.1260,358.73,358.01,358.66,357.93,358.73,358.01
1994,03,1994.2027,359.79,358.36,359.53,358.09,359.79,358.36
1994,04,1994.2877,361.09,358.51,360.85,358.26,361.09,358.51
1994,05,1994.3699,361.52,358.36,361.57,358.42,361.52,358.36
1994,06,1994.4548,360.77,358.39,360.95,358.59,360.77,358.39
1994,07,1994.5370,359.38,358.63,359.47,358.75,359.38,358.63
1994,08,1994.6219,357.31,358.74,357.45,358.93,357.31,358.74
1994,09,1994.7068,355.68,358.93,355.84,359.11,355.68,358.93
1994,10,1994.7890,355.83,359.19,355.94,359.28,355.83,359.19
1994,11,1994.8740,357.42,359.53,357.39,359.47,357.42,359.53
1994,12,1994.9562,358.87,359.74,358.80,359.65,358.87,359.74
1995,01,1995.0411,359.81,359.75,359.91,359.83,359.81,359.75
1995,02,1995.1260,360.84,360.12,360.75,360.02,360.84,360.12
1995,03,1995.2027,361.48,360.05,361.62,360.18,361.48,360.05
1995,04,1995.2877,363.30,360.71,362.96,360.35,363.30,360.71
1995,05,1995.3699,363.65,360.48,363.68,360.52,363.65,360.48
1995,06,1995.4548,363.11,360.72,363.06,360.69,363.11,360.72
1995,07,1995.5370,361.75,360.99,361.56,360.84,361.75,360.99
1995,08,1995.6219,359.31,360.75,359.53,361.01,359.31,360.75
1995,09,1995.7068,357.91,361.17,357.90,361.17,357.91,361.17
1995,10,1995.7890,357.62,360.98,357.98,361.33,357.62,360.98
1995,11,1995.8740,359.42,361.54,359.40,361.49,359.42,361.54
1995,12,1995.9562,360.56,361.42,360.80,361.64,360.56,361.42
1996,01,1996.0410,361.91,361.85,361.87,361.80,361.91,361.85
1996,02,1996.1257,363.11,362.39,362.68,361.95,363.11,362.39
1996,03,1996.2049,363.88,362.43,363.55,362.08,363.88,362.43
1996,04,1996.2896,364.58,361.96,364.84,362.20,364.58,361.96
1996,05,1996.3716,365.29,362.11,365.49,362.32,365.29,362.11
1996,06,1996.4563,364.84,362.46,364.78,362.43,364.84,362.46
1996,07,1996.5383,363.52,362.80,363.22,362.53,363.52,362.80
1996,08,1996.6230,361.35,362.82,361.11,362.62,361.35,362.82
1996,09,1996.7077,359.32,362.60,359.41,362.71,359.32,362.60
1996,10,1996.7896,359.48,362.85,359.43,362.79,359.48,362.85
1996,11,1996.8743,360.64,362.75,360.78,362.87,360.64,362.75
1996,12,1996.9563,362.21,363.07,362.10,362.94,362.21,363.07
1997,01,1997.0411,363.07,363.00,363.10,363.03,363.07,363.00
1997,02,1997.1260,363.87,363.15,363.85,363.12,363.87,363.15
1997,03,1997.2027,364.44,363.00,364.66,363.20,364.44,363.00
1997,04,1997.2877,366.23,363.63,365.93,363.31,366.23,363.63
1997,05,1997.3699,366.68,363.50,366.61,363.43,366.68,363.50
1997,06,1997.4548,365.52,363.11,365.95,363.56,365.52,363.11
1997,07,1997.5370,364.36,363.60,364.44,363.71,364.36,363.60
1997,08,1997.6219,362.39,363.84,362.40,363.89,362.39,363.84
1997,09,1997.7068,360.08,363.35,360.80,364.09,360.08,363.35
1997,10,1997.7890,360.67,364.05,360.94,364.31,360.67,364.05
1997,11,1997.8740,362.32,364.45,362.45,364.55,362.32,364.45
1997,12,1997.9562,364.16,365.03,363.95,364.80,364.16,365.03
1998,01,1998.0411,365.22,365.16,365.15,365.07,365.22,365.16
1998,02,1998.1260,366.04,365.32,366.09,365.35,366.04,365.32
1998,03,1998.2027,367.20,365.76,367.06,365.60,367.20,365.76
1998,04,1998.2877,368.50,365.89,368.50,365.88,368.50,365.89
1998,05,1998.3699,369.19,366.00,369.33,366.14,369.19,366.00
1998,06,1998.4548,368.77,366.35,368.80,366.40,368.77,366.35
1998,07,1998.5370,367.53,366.77,367.37,366.65,367.53,366.77
1998,08,1998.6219,365.67,367.13,365.39,366.88,365.67,367.13
1998,09,1998.7068,363.80,367.09,363.80,367.10,363.80,367.09
1998,10,1998.7890,364.13,367.53,363.91,367.29,364.13,367.53
1998,11,1998.8740,365.36,367.49,365.36,367.47,365.36,367.49
1998,12,1998.9562,366.87,367.74,366.76,367.62,366.87,367.74
1999,01,1999.0411,368.05,367.99,367.83,367.75,368.05,367.99
1999,02,1999.1260,368.77,368.05,368.60,367.87,368.77,368.05
1999,03,1999.2027,369.49,368.04,369.41,367.95,369.49,368.04
1999,04,1999.2877,371.04,368.42,370.67,368.03,371.04,368.42
1999,05,1999.3699,370.90,367.70,371.31,368.10,370.90,367.70
1999,06,1999.4548,370.25,367.83,370.57,368.17,370.25,367.83
1999,07,1999.5370,369.17,368.41,368.97,368.24,369.17,368.41
1999,08,1999.6219,366.83,368.29,366.82,368.31,366.83,368.29
1999,09,1999.7068,364.54,367.84,365.07,368.39,364.54,367.84
1999,10,1999.7890,365.04,368.44,365.08,368.47,365.04,368.44
1999,11,1999.8740,366.58,368.72,366.44,368.55,366.58,368.72
1999,12,1999.9562,367.91,368.79,367.78,368.64,367.91,368.79
2000,01,2000.0410,369.05,368.99,368.81,368.73,369.05,368.99
2000,02,2000.1257,369.37,368.64,369.56,368.83,369.37,368.64
2000,03,2000.2049,370.42,368.95,370.41,368.92,370.42,368.95
2000,04,2000.2896,371.57,368.92,371.70,369.03,371.57,368.92
2000,05,2000.3716,371.74,368.52,372.36,369.15,371.74,368.52
2000,06,2000.4563,371.60,369.19,371.66,369.28,371.60,369.19
2000,07,2000.5383,370.02,369.29,370.11,369.41,370.02,369.29
2000,08,2000.6230,368.03,369.52,368.03,369.56,368.03,369.52
2000,09,2000.7077,366.53,369.85,366.37,369.71,366.53,369.85
2000,10,2000.7896,366.64,370.05,366.45,369.85,366.64,370.05
2000,11,2000.8743,368.20,370.34,367.87,369.99,368.20,370.34
2000,12,2000.9563,369.44,370.31,369.26,370.12,369.44,370.31
2001,01,2001.0411,370.20,370.13,370.32,370.24,370.20,370.13
2001,02,2001.1260,371.41,370.68,371.11,370.37,371.41,370.68
2001,03,2001.2027,372.04,370.58,371.95,370.47,372.04,370.58
2001,04,2001.2877,372.78,370.14,373.25,370.59,372.78,370.14
2001,05,2001.3699,373.94,370.72,373.94,370.71,373.94,370.72
2001,06,2001.4548,373.23,370.79,373.26,370.84,373.23,370.79
2001,07,2001.5370,371.54,370.77,371.71,370.98,371.54,370.77
2001,08,2001.6219,369.47,370.94,369.62,371.12,369.47,370.94
2001,09,2001.7068,367.88,371.20,367.94,371.28,367.88,371.20
2001,10,2001.7890,368.01,371.44,368.02,371.43,368.01,371.44
2001,11,2001.8740,369.60,371.75,369.47,371.60,369.60,371.75
2001,12,2001.9562,371.15,372.04,370.90,371.76,371.15,372.04
2002,01,2002.0411,372.36,372.29,372.00,371.93,372.36,372.29
2002,02,2002.1260,373.00,372.27,372.85,372.10,373.00,372.27
2002,03,2002.2027,373.44,371.98,373.74,372.26,373.44,371.98
2002,04,2002.2877,374.77,372.13,375.11,372.45,374.77,372.13
2002,05,2002.3699,375.48,372.25,375.88,372.64,375.48,372.25
2002,06,2002.4548,375.33,372.89,375.28,372.85,375.33,372.89
2002,07,2002.5370,373.95,373.18,373.80,373.07,373.95,373.18
2002,08,2002.6219,371.41,372.88,371.79,373.30,371.41,372.88
2002,09,2002.7068,370.63,373.95,370.19,373.53,370.63,373.95
2002,10,2002.7890,370.18,373.61,370.34,373.76,370.18,373.61
2002,11,2002.8740,372.01,374.17,371.86,373.99,372.01,374.17
2002,12,2002.9562,373.71,374.59,373.35,374.21,373.71,374.59
2003,01,2003.0411,374.61,374.55,374.52,374.44,374.61,374.55
2003,02,2003.1260,375.55,374.81,375.41,374.66,375.55,374.81
2003,03,2003.2027,376.04,374.57,376.33,374.85,376.04,374.57
2003,04,2003.2877,377.58,374.93,377.73,375.07,377.58,374.93
2003,05,2003.3699,378.28,375.04,378.51,375.27,378.28,375.04
2003,06,2003.4548,378.07,375.62,377.90,375.47,378.07,375.62
2003,07,2003.5370,376.54,375.77,376.40,375.67,376.54,375.77
2003,08,2003.6219,374.42,375.90,374.34,375.86,374.42,375.90
2003,09,2003.7068,372.92,376.25,372.69,376.04,372.92,376.25
2003,10,2003.7890,372.94,376.38,372.77,376.20,372.94,376.38
2003,11,2003.8740,374.29,376.45,374.23,376.36,374.29,376.45
2003,12,2003.9562,375.63,376.51,375.64,376.51,375.63,376.51
2004,01,2004.0410,376.73,376.66,376.73,376.65,376.73,376.66
2004,02,2004.1257,377.31,376.57,377.53,376.78,377.31,376.57
2004,03,2004.2049,378.33,376.84,378.41,376.90,378.33,376.84
2004,04,2004.2896,380.44,377.75,379.73,377.02,380.44,377.75
2004,05,2004.3716,380.56,377.31,380.39,377.14,380.56,377.31
2004,06,2004.4563,379.49,377.06,379.67,377.26,379.49,377.06
2004,07,2004.5383,377.71,376.97,378.08,377.38,377.71,376.97
2004,08,2004.6230,375.77,377.28,375.97,377.51,375.77,377.28
2004,09,2004.7077,373.99,377.35,374.29,377.67,373.99,377.35
2004,10,2004.7896,374.17,377.62,374.39,377.83,374.17,377.62
2004,11,2004.8743,375.79,377.96,375.87,378.01,375.79,377.96
2004,12,2004.9563,377.39,378.28,377.33,378.20,377.39,378.28
2005,01,2005.0411,378.29,378.22,378.48,378.41,378.29,378.22
2005,02,2005.1260,379.56,378.82,379.37,378.62,379.56,378.82
2005,03,2005.2027,380.06,378.59,380.31,378.82,380.06,378.59
2005,04,2005.2877,382.02,379.35,381.72,379.04,382.02,379.35
2005,05,2005.3699,382.21,378.95,382.52,379.26,382.21,378.95
2005,06,2005.4548,382.05,379.58,381.92,379.48,382.05,379.58
2005,07,2005.5370,380.63,379.86,380.43,379.69,380.63,379.86
2005,08,2005.6219,378.64,380.12,378.38,379.91,378.64,380.12
2005,09,2005.7068,376.38,379.74,376.74,380.12,376.38,379.74
2005,10,2005.7890,376.77,380.24,376.86,380.31,376.77,380.24
2005,11,2005.8740,378.27,380.45,378.36,380.51,378.27,380.45
2005,12,2005.9562,379.92,380.81,379.83,380.70,379.92,380.81
2006,01,2006.0411,381.33,381.27,380.96,380.88,381.33,381.27
2006,02,2006.1260,381.98,381.24,381.81,381.05,381.98,381.24
2006,03,2006.2027,382.53,381.05,382.70,381.20,382.53,381.05
2006,04,2006.2877,384.33,381.66,384.05,381.36,384.33,381.66
2006,05,2006.3699,384.89,381.62,384.78,381.50,384.89,381.62
2006,06,2006.4548,383.99,381.52,384.10,381.65,383.99,381.52
2006,07,2006.5370,382.25,381.47,382.54,381.79,382.25,381.47
2006,08,2006.6219,380.44,381.93,380.42,381.94,380.44,381.93
2006,09,2006.7068,378.77,382.14,378.71,382.09,378.77,382.14
2006,10,2006.7890,379.03,382.50,378.77,382.24,379.03,382.50
2006,11,2006.8740,380.11,382.29,380.23,382.39,380.11,382.29
2006,12,2006.9562,381.62,382.52,381.66,382.53,381.62,382.52
2007,01,2007.0411,382.55,382.49,382.76,382.68,382.55,382.49
2007,02,2007.1260,383.68,382.94,383.60,382.84,383.68,382.94
2007,03,2007.2027,384.31,382.82,384.48,382.98,384.31,382.82
2007,04,2007.2877,386.20,383.51,385.84,383.14,386.20,383.51
2007,05,2007.3699,386.38,383.10,386.58,383.30,386.38,383.10
2007,06,2007.4548,385.84,383.36,385.92,383.46,385.84,383.36
2007,07,2007.5370,384.42,383.64,384.36,383.62,384.42,383.64
2007,08,2007.6219,381.81,383.31,382.25,383.78,381.81,383.31
2007,09,2007.7068,380.83,384.21,380.55,383.95,380.83,384.21
2007,10,2007.7890,380.83,384.32,380.63,384.10,380.83,384.32
2007,11,2007.8740,382.32,384.51,382.10,384.26,382.32,384.51
2007,12,2007.9562,383.58,384.48,383.53,384.41,383.58,384.48
2008,01,2008.0410,385.04,384.98,384.63,384.56,385.04,384.98
2008,02,2008.1257,385.81,385.06,385.46,384.70,385.81,385.06
2008,03,2008.2049,385.80,384.29,386.37,384.84,385.80,384.29
2008,04,2008.2896,386.74,384.02,387.73,384.99,386.74,384.02
2008,05,2008.3716,388.49,385.20,388.44,385.15,388.49,385.20
2008,06,2008.4563,388.02,385.56,387.76,385.32,388.02,385.56
2008,07,2008.5383,386.22,385.47,386.20,385.48,386.22,385.47
2008,08,2008.6230,384.05,385.58,384.09,385.65,384.05,385.58
2008,09,2008.7077,383.05,386.45,382.41,385.82,383.05,386.45
2008,10,2008.7896,382.75,386.24,382.50,385.98,382.75,386.24
2008,11,2008.8743,383.98,386.17,383.97,386.14,383.98,386.17
2008,12,2008.9563,385.08,385.98,385.41,386.29,385.08,385.98
2009,01,2009.0411,386.63,386.56,386.52,386.44,386.63,386.56
2009,02,2009.1260,387.10,386.35,387.36,386.60,387.10,386.35
2009,03,2009.2027,388.50,387.01,388.25,386.75,388.50,387.01
2009,04,2009.2877,389.54,386.85,389.63,386.92,389.54,386.85
2009,05,2009.3699,390.15,386.85,390.38,387.08,390.15,386.85
2009,06,2009.4548,389.60,387.11,389.74,387.27,389.60,387.11
2009,07,2009.5370,388.05,387.27,388.20,387.46,388.05,387.27
2009,08,2009.6219,386.06,387.57,386.12,387.66,386.06,387.57
2009,09,2009.7068,384.64,388.03,384.46,387.87,384.64,388.03
2009,10,2009.7890,384.32,387.83,384.59,388.09,384.32,387.83
2009,11,2009.8740,386.05,388.25,386.13,388.31,386.05,388.25
2009,12,2009.9562,387.48,388.38,387.65,388.53,387.48,388.38
2010,01,2010.0411,388.55,388.49,388.84,388.76,388.55,388.49
2010,02,2010.1260,390.08,389.32,389.76,388.99,390.08,389.32
2010,03,2010.2027,391.02,389.53,390.70,389.19,391.02,389.53
2010,04,2010.2877,392.39,389.68,392.12,389.40,392.39,389.68
2010,05,2010.3699,393.24,389.93,392.90,389.59,393.24,389.93
2010,06,2010.4548,392.26,389.75,392.26,389.78,392.26,389.75
2010,07,2010.5370,390.35,389.56,390.71,389.96,390.35,389.56
2010,08,2010.6219,388.53,390.04,388.58,390.13,388.53,390.04
2010,09,2010.7068,386.85,390.26,386.87,390.30,386.85,390.26
2010,10,2010.7890,387.18,390.70,386.95,390.45,387.18,390.70
2010,11,2010.8740,388.69,390.90,388.42,390.60,388.69,390.90
2010,12,2010.9562,389.83,390.74,389.86,390.74,389.83,390.74
2011,01,2011.0411,391.33,391.26,390.96,390.88,391.33,391.26
2011,02,2011.1260,391.96,391.20,391.78,391.01,391.96,391.20
2011,03,2011.2027,392.49,390.99,392.65,391.13,392.49,390.99
2011,04,2011.2877,393.41,390.69,394.00,391.27,393.41,390.69
2011,05,2011.3699,394.33,391.01,394.73,391.41,394.33,391.01
2011,06,2011.4548,393.74,391.23,394.06,391.57,393.74,391.23
2011,07,2011.5370,392.64,391.86,392.49,391.74,392.64,391.86
2011,08,2011.6219,390.25,391.76,390.37,391.92,390.25,391.76
2011,09,2011.7068,389.05,392.46,388.67,392.10,389.05,392.46
2011,10,2011.7890,388.98,392.51,388.77,392.28,388.98,392.51
2011,11,2011.8740,390.30,392.51,390.28,392.47,390.30,392.51
2011,12,2011.9562,391.86,392.76,391.76,392.65,391.86,392.76
2012,01,2012.0410,393.13,393.07,392.91,392.83,393.13,393.07
2012,02,2012.1257,393.42,392.66,393.79,393.03,393.42,392.66
2012,03,2012.2049,394.43,392.90,394.76,393.21,394.43,392.90
2012,04,2012.2896,396.51,393.76,396.18,393.42,396.51,393.76
2012,05,2012.3716,396.96,393.63,396.95,393.62,396.96,393.63
2012,06,2012.4563,395.97,393.48,396.31,393.84,395.97,393.48
2012,07,2012.5383,394.60,393.84,394.78,394.06,394.60,393.84
2012,08,2012.6230,392.61,394.15,392.71,394.30,392.61,394.15
2012,09,2012.7077,391.20,394.64,391.08,394.54,391.20,394.64
2012,10,2012.7896,391.09,394.62,391.26,394.78,391.09,394.62
2012,11,2012.8743,393.03,395.24,392.83,395.02,393.03,395.24
2012,12,2012.9563,394.42,395.32,394.36,395.25,394.42,395.32
2013,01,2013.0411,395.69,395.63,395.56,395.49,395.69,395.63
2013,02,2013.1260,396.94,396.18,396.48,395.71,396.94,396.18
2013,03,2013.2027,397.35,395.85,397.44,395.91,397.35,395.85
2013,04,2013.2877,398.44,395.71,398.87,396.12,398.44,395.71
2013,05,2013.3699,400.06,396.72,399.66,396.33,400.06,396.72
2013,06,2013.4548,398.95,396.43,399.03,396.53,398.95,396.43
2013,07,2013.5370,397.45,396.66,397.48,396.72,397.45,396.66
2013,08,2013.6219,395.49,397.01,395.36,396.91,395.49,397.01
2013,09,2013.7068,393.47,396.91,393.65,397.10,393.47,396.91
2013,10,2013.7890,393.77,397.32,393.75,397.28,393.77,397.32
2013,11,2013.8740,395.27,397.50,395.26,397.46,395.27,397.50
2013,12,2013.9562,396.90,397.81,396.74,397.64,396.90,397.81
2014,01,2014.0411,398.01,397.94,397.89,397.81,398.01,397.94
2014,02,2014.1260,398.18,397.42,398.75,397.98,398.18,397.42
2014,03,2014.2027,399.56,398.05,399.66,398.13,399.56,398.05
2014,04,2014.2877,401.44,398.70,401.06,398.30,401.44,398.70
2014,05,2014.3699,401.99,398.64,401.81,398.46,401.99,398.64
2014,06,2014.4548,401.41,398.88,401.13,398.62,401.41,398.88
2014,07,2014.5370,399.17,398.37,399.54,398.77,399.17,398.37
2014,08,2014.6219,397.30,398.82,397.37,398.94,397.30,398.82
2014,09,2014.7068,395.49,398.93,395.63,399.10,395.49,398.93
2014,10,2014.7890,395.74,399.30,395.71,399.26,395.74,399.30
2014,11,2014.8740,397.32,399.55,397.22,399.43,397.32,399.55
2014,12,2014.9562,398.88,399.80,398.69,399.59,398.88,399.80
2015,01,2015.0411,399.95,399.88,399.84,399.76,399.95,399.88
2015,02,2015.1260,400.40,399.63,400.72,399.94,400.40,399.63
2015,03,2015.2027,401.60,400.08,401.64,400.11,401.60,400.08
2015,04,2015.2877,403.53,400.78,403.06,400.30,403.53,400.78
2015,05,2015.3699,404.04,400.68,403.86,400.50,404.04,400.68
2015,06,2015.4548,402.81,400.27,403.23,400.72,402.81,400.27
2015,07,2015.5370,401.54,400.74,401.71,400.95,401.54,400.74
2015,08,2015.6219,398.93,400.46,399.64,401.21,398.93,400.46
2015,09,2015.7068,397.43,400.88,398.02,401.50,397.43,400.88
2015,10,2015.7890,398.22,401.78,398.24,401.79,398.22,401.78
2015,11,2015.8740,400.17,402.41,399.89,402.11,400.17,402.41
2015,12,2015.9562,401.82,402.74,401.52,402.42,401.82,402.74
2016,01,2016.0410,402.58,402.51,402.81,402.73,402.58,402.51
2016,02,2016.1257,404.09,403.33,403.82,403.04,404.09,403.33
2016,03,2016.2049,404.79,403.24,404.88,403.32,404.79,403.24
2016,04,2016.2896,407.50,404.72,406.40,403.60,407.50,404.72
2016,05,2016.3716,407.59,404.22,407.21,403.85,407.59,404.22
2016,06,2016.4563,406.94,404.42,406.59,404.09,406.94,404.42
2016,07,2016.5383,404.43,403.67,405.05,404.31,404.43,403.67
2016,08,2016.6230,402.17,403.73,402.93,404.54,402.17,403.73
2016,09,2016.7077,400.94,404.42,401.26,404.76,400.94,404.42
2016,10,2016.7896,401.43,405.00,401.41,404.97,401.43,405.00
2016,11,2016.8743,403.57,405.81,402.96,405.18,403.57,405.81
2016,12,2016.9563,404.48,405.40,404.47,405.37,404.48,405.40
2017,01,2017.0411,406.00,405.94,405.64,405.56,406.00,405.94
2017,02,2017.1260,406.57,405.80,406.52,405.74,406.57,405.80
2017,03,2017.2027,406.98,405.46,407.44,405.90,406.98,405.46
2017,04,2017.2877,408.88,406.12,408.85,406.07,408.88,406.12
2017,05,2017.3699,409.84,406.46,409.61,406.23,409.84,406.46
2017,06,2017.4548,409.05,406.50,408.92,406.39,409.05,406.50
2017,07,2017.5370,407.13,406.33,407.31,406.55,407.13,406.33
2017,08,2017.6219,405.17,406.71,405.13,406.70,405.17,406.71
2017,09,2017.7068,403.20,406.68,403.37,406.86,403.20,406.68
2017,10,2017.7890,403.57,407.16,403.44,407.01,403.57,407.16
2017,11,2017.8740,405.10,407.35,404.94,407.17,405.10,407.35
2017,12,2017.9562,406.68,407.60,406.41,407.32,406.68,407.60
2018,01,2018.0411,407.98,407.91,407.55,407.47,407.98,407.91
2018,02,2018.1260,408.36,407.58,408.41,407.63,408.36,407.58
2018,03,2018.2027,409.21,407.68,409.32,407.78,409.21,407.68
2018,04,2018.2877,410.24,407.46,410.75,407.96,410.24,407.46
2018,05,2018.3699,411.23,407.85,411.54,408.15,411.23,407.85
2018,06,2018.4548,410.81,408.25,410.91,408.37,410.81,408.25
2018,07,2018.5370,408.83,408.03,409.37,408.60,408.83,408.03
2018,08,2018.6219,407.02,408.56,407.27,408.85,407.02,408.56
2018,09,2018.7068,405.52,409.01,405.62,409.12,405.52,409.01
2018,10,2018.7890,405.93,409.53,405.80,409.39,405.93,409.53
2018,11,2018.8740,408.04,410.30,407.43,409.66,408.04,410.30
2018,12,2018.9562,409.17,410.09,409.01,409.92,409.17,410.09
2019,01,2019.0411,410.85,410.78,410.26,410.18,410.85,410.78
2019,02,2019.1260,411.59,410.81,411.21,410.42,411.59,410.81
2019,03,2019.2027,411.91,410.38,412.18,410.63,411.91,410.38
2019,04,2019.2877,413.46,410.68,413.66,410.86,413.46,410.68
2019,05,2019.3699,414.76,411.37,414.47,411.08,414.76,411.37
2019,06,2019.4548,413.89,411.32,413.85,411.30,413.89,411.32
2019,07,2019.5370,411.78,410.98,412.28,411.51,411.78,410.98
2019,08,2019.6219,410.01,411.56,410.15,411.73,410.01,411.56
2019,09,2019.7068,408.48,411.98,408.44,411.96,408.48,411.98
2019,10,2019.7890,408.40,412.01,408.58,412.18,408.40,412.01
2019,11,2019.8740,410.16,412.43,410.16,412.40,410.16,412.43
2019,12,2019.9562,411.81,412.74,411.70,412.61,411.81,412.74
2020,01,2020.0410,413.30,413.24,412.91,412.83,413.30,413.24
2020,02,2020.1257,414.05,413.27,413.82,413.04,414.05,413.27
2020,03,2020.2049,414.45,412.88,414.81,413.23,414.45,412.88
2020,04,2020.2896,416.11,413.30,416.26,413.43,416.11,413.30
2020,05,2020.3716,417.15,413.75,417.03,413.63,417.15,413.75
2020,06,2020.4563,416.29,413.74,416.36,413.83,416.29,413.74
2020,07,2020.5383,414.42,413.64,414.76,414.02,414.42,413.64
2020,08,2020.6230,412.52,414.10,412.60,414.22,412.52,414.10
2020,09,2020.7077,411.18,414.70,410.88,414.42,411.18,414.70
2020,10,2020.7896,411.12,414.74,411.01,414.61,411.12,414.74
2020,11,2020.8743,412.88,415.15,412.55,414.79,412.88,415.15
2020,12,2020.9563,413.89,414.81,414.06,414.97,413.89,414.81
2021,01,2021.0411,415.15,415.08,415.23,415.15,415.15,415.08
2021,02,2021.1260,416.47,415.70,416.11,415.32,416.47,415.70
2021,03,2021.2027,417.16,415.62,417.03,415.47,417.16,415.62
2021,04,2021.2877,418.24,415.45,418.45,415.64,418.24,415.45
2021,05,2021.3699,418.95,415.53,419.23,415.81,418.95,415.53
2021,06,2021.4548,418.70,416.12,418.56,415.99,418.70,416.12
2021,07,2021.5370,416.65,415.84,416.96,416.18,416.65,415.84
2021,08,2021.6219,414.34,415.89,414.79,416.38,414.34,415.89
2021,09,2021.7068,412.90,416.42,413.06,416.59,412.90,416.42
2021,10,2021.7890,413.55,417.18,413.18,416.80,413.55,417.18
2021,11,2021.8740,414.82,417.10,414.76,417.02,414.82,417.10
2021,12,2021.9562,416.43,417.37,416.31,417.22,416.43,417.37
2022,01,2022.0411,418.01,417.95,417.51,417.43,418.01,417.95
2022,02,2022.1260,418.99,418.20,418.42,417.63,418.99,418.20
2022,03,2022.2027,418.45,416.90,419.37,417.81,418.45,416.90
2022,04,2022.2877,-99.99,-99.99,-99.99,-99.99,-99.99,-99.99
2022,05,2022.3699,-99.99,-99.99,-99.99,-99.99,-99.99,-99.99
2022,06,2022.4548,-99.99,-99.99,-99.99,-99.99,-99.99,-99.99
2022,07,2022.5370,-99.99,-99.99,-99.99,-99.99,-99.99,-99.99
2022,08,2022.6219,-99.99,-99.99,-99.99,-99.99,-99.99,-99.99
2022,09,2022.7068,-99.99,-99.99,-99.99,-99.99,-99.99,-99.99
2022,10,2022.7890,-99.99,-99.99,-99.99,-99.99,-99.99,-99.99
2022,11,2022.8740,-99.99,-99.99,-99.99,-99.99,-99.99,-99.99
2022,12,2022.9562,-99.99,-99.99,-99.99,-99.99,-99.99,-99.99
